"Txhash","Blockno","UnixTimestamp","DateTime (UTC)","From","To","ContractAddress","Value_IN(MATIC)","Value_OUT(MATIC)","CurrentValue @ $0.87794673385263/MATIC","TxnFee(MATIC)","TxnFee(USD)","Historical $Price/MATIC","Status","ErrCode","Method"
"0xb32df5ea0db7ebe570b42ac6164f17c3c3b8cf10ac793440a95df10a2c617bcf","55305306","1711932314","2024-04-01 00:45:14","0x30ff20cb4a783b5bb97d0af2e86d08c6b996d7d2","0x56850506399d2080cbef6fe7805a9681e904d558","","0","0","0","0.02194812","0.0192692802682056","0.95","","","Mint With Token URI"
"0xb27033715253e76f33063749437d156f6166f47ce01c8c41f7983a120f5d9729","55311882","1711948830","2024-04-01 05:20:30","0x30ff20cb4a783b5bb97d0af2e86d08c6b996d7d2","0x56850506399d2080cbef6fe7805a9681e904d558","","0","0","0","0.018800936","0.0165062203545723","0.95","","","Mint With Token URI"
"0xf636d6474637d6992f36e33dc2913541c6c5f3ce93e13a441c92d0a6537c58fb","55313255","1711952070","2024-04-01 06:14:30","0x19ad9ebe1e1952990ca51f1a3089be7ece9e19f8","0x56850506399d2080cbef6fe7805a9681e904d558","","0","0","0","0.01157981386675594","0.0101664597629398","0.95","","","Set Approval For All"
"0x9e50208c96a902ee57173e54c894bfd72b5bd7eddd5e2486b7853b4eaf1d44d3","55313863","1711953538","2024-04-01 06:38:58","0x30ff20cb4a783b5bb97d0af2e86d08c6b996d7d2","0x56850506399d2080cbef6fe7805a9681e904d558","","0","0","0","0.01561129","0.0137058810667262","0.95","","","Safe Transfer"
"0x506862d0fd64036b9013b1540199c7c9f9cc8ff71792f088f771e6c0edb43c4a","55318599","1711964729","2024-04-01 09:45:29","0x30ff20cb4a783b5bb97d0af2e86d08c6b996d7d2","0x56850506399d2080cbef6fe7805a9681e904d558","","0","0","0","0.040482088","0.0355411169391347","0.95","","","Mint With Token URI"
"0xe524ab4655a056974617d1e5b7d0b1e6bcaefe6e0090d29bd7a6f88c9a712f54","55321922","1711972471","2024-04-01 11:54:31","0x30ff20cb4a783b5bb97d0af2e86d08c6b996d7d2","0x56850506399d2080cbef6fe7805a9681e904d558","","0","0","0","0.030521","0.0267958122639161","0.95","","","Mint With Token URI"
"0x1b64792236dbec6ef94bd7335f2c3ab326a833281bb92a2b42094c24e2813f4b","55324372","1711978161","2024-04-01 13:29:21","0x30ff20cb4a783b5bb97d0af2e86d08c6b996d7d2","0x56850506399d2080cbef6fe7805a9681e904d558","","0","0","0","0.05127528","0.0450169646033791","0.95","","","Mint With Token URI"
"0x6137be3b3be06c920f68dcb211c2651619e2a767af012ddd48cfaa95c84d068c","55325123","1711979875","2024-04-01 13:57:55","0x30ff20cb4a783b5bb97d0af2e86d08c6b996d7d2","0x56850506399d2080cbef6fe7805a9681e904d558","","0","0","0","0.05608964","0.0492437162409698","0.95","","","Mint With Token URI"
"0xbc06ae918f1b2539f30666ee01cf46ca0d6a04607338c85018086618c1f99a03","55325554","1711980857","2024-04-01 14:14:17","0x30ff20cb4a783b5bb97d0af2e86d08c6b996d7d2","0x56850506399d2080cbef6fe7805a9681e904d558","","0","0","0","0.051519448","0.0452313311014904","0.95","","","Mint With Token URI"
"0xad125ccbdd7faa73229d670ce226d09ad635795b0de01f7d3c88d44affcf40b5","55325627","1711981011","2024-04-01 14:16:51","0x30ff20cb4a783b5bb97d0af2e86d08c6b996d7d2","0x56850506399d2080cbef6fe7805a9681e904d558","","0","0","0","0.047856928","0.0420158336298205","0.95","","","Mint With Token URI"
"0x0dd28f1bb8b03f74099ec7529ca27bb4857b01c217b82c7c4866ab0ebdcd28a6","55326463","1711982920","2024-04-01 14:48:40","0x30ff20cb4a783b5bb97d0af2e86d08c6b996d7d2","0x56850506399d2080cbef6fe7805a9681e904d558","","0","0","0","0.055181968","0.0484468285731603","0.95","","","Mint With Token URI"
"0xaa3a9733f5566d0942ab9966fd38896e1892938de52e3628d03c2bea1f8cbfc2","55327637","1711985640","2024-04-01 15:34:00","0x30ff20cb4a783b5bb97d0af2e86d08c6b996d7d2","0x56850506399d2080cbef6fe7805a9681e904d558","","0","0","0","0.0732504","0.0643099494333987","0.95","","","Mint With Token URI"
"0x3fac0debc6e36fbc0b08aff1e74b1c09e7acebebe228636c2137d2db7e795bf4","55327813","1711986014","2024-04-01 15:40:14","0x30ff20cb4a783b5bb97d0af2e86d08c6b996d7d2","0x56850506399d2080cbef6fe7805a9681e904d558","","0","0","0","0.05371696","0.0471606295844924","0.95","","","Mint With Token URI"
"0x372f0ce469109249453016e3683beb097d56f7c998d4c99a98b0b8028e26e6db","55328275","1711987092","2024-04-01 15:58:12","0x30ff20cb4a783b5bb97d0af2e86d08c6b996d7d2","0x56850506399d2080cbef6fe7805a9681e904d558","","0","0","0","0.078377928","0.0688116458937366","0.95","","","Mint With Token URI"
"0x270dc31312dcdd8b1659afcbbd6577bb7ffc3b375d5a7767a6e79815ba691760","55328337","1711987224","2024-04-01 16:00:24","0x30ff20cb4a783b5bb97d0af2e86d08c6b996d7d2","0x56850506399d2080cbef6fe7805a9681e904d558","","0","0","0","0.067340364","0.0591212526302472","0.95","","","Mint With Token URI"
"0x339ce8a75f73bbe7a2b4134c48f7494e780e1669f9ac66301590beb60c823d8d","55328422","1711987436","2024-04-01 16:03:56","0x30ff20cb4a783b5bb97d0af2e86d08c6b996d7d2","0x56850506399d2080cbef6fe7805a9681e904d558","","0","0","0","0.03071899","0.0269696369377516","0.95","","","Safe Transfer"
"0x1ee0c778646adf3f72c727a1baae281ce8a0dd6b232c8cd3af20015eed2a867c","55328486","1711987586","2024-04-01 16:06:26","0x30ff20cb4a783b5bb97d0af2e86d08c6b996d7d2","0x56850506399d2080cbef6fe7805a9681e904d558","","0","0","0","0.065681192","0.0576645879919475","0.95","","","Mint With Token URI"
"0x1d20a1363bacb54c2c5ead5159a7551840ea0ac34d5069d2f086dead43ed631e","55328519","1711987674","2024-04-01 16:07:54","0x30ff20cb4a783b5bb97d0af2e86d08c6b996d7d2","0x56850506399d2080cbef6fe7805a9681e904d558","","0","0","0","0.028096974","0.0246676465544423","0.95","","","Safe Transfer"
"0x52339900b4464d0585cdcd1edae7135338925d39664c8d60511b86f0ce6bd036","55335242","1712003867","2024-04-01 20:37:47","0x30ff20cb4a783b5bb97d0af2e86d08c6b996d7d2","0x56850506399d2080cbef6fe7805a9681e904d558","","0","0","0","0.02072878","0.0181987646977497","0.95","","","Mint With Token URI"
"0x9fa0bedbd993926b92bcf3293c6afc7a0877c4fd537f77a9aa70af5614a9a4d4","55336872","1712007403","2024-04-01 21:36:43","0x30ff20cb4a783b5bb97d0af2e86d08c6b996d7d2","0x56850506399d2080cbef6fe7805a9681e904d558","","0","0","0","0.019997176","0.0175564553554762","0.95","","","Mint With Token URI"
"0xdc673017c7f1a4d4c7390d63b01360d428b1d3ea198256a6eaf1b2478c2a3cf5","55341539","1712017587","2024-04-02 00:26:27","0x30ff20cb4a783b5bb97d0af2e86d08c6b996d7d2","0x56850506399d2080cbef6fe7805a9681e904d558","","0","0","0","0.015626752","0.0137194558791251","0.90","","","Mint With Token URI"
"0xa9be1e4187d1f9aa7649f5cf6def30892699a234d3c8cff235316593ac0ac101","55345898","1712027451","2024-04-02 03:10:51","0x30ff20cb4a783b5bb97d0af2e86d08c6b996d7d2","0x56850506399d2080cbef6fe7805a9681e904d558","","0","0","0","0.08790048","0.0771719393200784","0.90","","","Mint With Token URI"
"0xaea24f4136871b7864820b5417be8d0c883968534ce2569eb3f89e36ea360e22","55347716","1712031512","2024-04-02 04:18:32","0x30ff20cb4a783b5bb97d0af2e86d08c6b996d7d2","0x56850506399d2080cbef6fe7805a9681e904d558","","0","0","0","0.065192856","0.0572358549957248","0.90","","","Mint With Token URI"
"0x61a5afdcf7a2335ef2394dc4afa0f141bd26a6fcdeaccad041f7f3d606229c9d","55348618","1712033588","2024-04-02 04:53:08","0x30ff20cb4a783b5bb97d0af2e86d08c6b996d7d2","0x56850506399d2080cbef6fe7805a9681e904d558","","0","0","0","0.028323488","0.0248665137809142","0.90","","","Mint With Token URI"
"0x8b91f569d5a35cff0920d5cbf3221ac2d424beff1e8be1e4985c8676e5250c20","55348701","1712033803","2024-04-02 04:56:43","0x30ff20cb4a783b5bb97d0af2e86d08c6b996d7d2","0x56850506399d2080cbef6fe7805a9681e904d558","","0","0","0","0.030521","0.0267958122639161","0.90","","","Mint With Token URI"
"0x4e23554c48899e4d44288a28b9f02a7b92a495af8f4a2bc1fe3590a7e6d951a7","55350433","1712037805","2024-04-02 06:03:25","0x30ff20cb4a783b5bb97d0af2e86d08c6b996d7d2","0x56850506399d2080cbef6fe7805a9681e904d558","","0","0","0","0.036381032","0.031940608218588","0.90","","","Mint With Token URI"
"0x8373bb0df2223e8805aa4191c0d2baf53c74b69275784c568974f330febc68a8","55354860","1712048211","2024-04-02 08:56:51","0x30ff20cb4a783b5bb97d0af2e86d08c6b996d7d2","0x56850506399d2080cbef6fe7805a9681e904d558","","0","0","0","0.043217736","0.0379428701657052","0.90","","","Mint With Token URI"
"0xad2e9d9be0072fc1be0f1dd6241563c7086e4a3de6591e41199aa5892c346b13","55355432","1712049587","2024-04-02 09:19:47","0x30ff20cb4a783b5bb97d0af2e86d08c6b996d7d2","0x56850506399d2080cbef6fe7805a9681e904d558","","0","0","0","0.022241352","0.0195267223448667","0.90","","","Safe Transfer"
"0x915669912ed32eeff7afda95d83877bcf9bcf8927406f4ced9280eb6065ad7ff","55357551","1712054697","2024-04-02 10:44:57","0x30ff20cb4a783b5bb97d0af2e86d08c6b996d7d2","0x56850506399d2080cbef6fe7805a9681e904d558","","0","0","0","0.053228624","0.0467318965882697","0.90","","","Mint With Token URI"
"0xb7f2841eacca397e2ef43e5d2605b6fb2092d89639334c2f035b7052ca624c58","55359476","1712059333","2024-04-02 12:02:13","0x30ff20cb4a783b5bb97d0af2e86d08c6b996d7d2","0x56850506399d2080cbef6fe7805a9681e904d558","","0","0","0","0.038775012","0.0340423951404965","0.90","","","Mint With Token URI"
"0x59ec9f959d296e7aa08ed1593a5eca1e74dc25cdbee05ae57656bd1fc5679a0f","55361586","1712064239","2024-04-02 13:23:59","0x30ff20cb4a783b5bb97d0af2e86d08c6b996d7d2","0x56850506399d2080cbef6fe7805a9681e904d558","","0","0","0","0.062995344","0.0553065565127229","0.90","","","Mint With Token URI"
"0x7889795236a5a846d066a9d0fb647c0c701b8ce29d722641d0102b698dd2f7c2","55363761","1712069185","2024-04-02 14:46:25","0x30ff20cb4a783b5bb97d0af2e86d08c6b996d7d2","0x56850506399d2080cbef6fe7805a9681e904d558","","0","0","0","0.05127528","0.0450169646033791","0.90","","","Mint With Token URI"
"0x4db15cb7e19ad4335a0ebb16036ac9949f99eb900c8992ca47697bc462f1480e","55366083","1712074557","2024-04-02 16:15:57","0x30ff20cb4a783b5bb97d0af2e86d08c6b996d7d2","0x56850506399d2080cbef6fe7805a9681e904d558","","0","0","0","0.060797832","0.0533772580297209","0.90","","","Mint With Token URI"
"0x2bd8ab623178f549215e3d147c301d07fd1c32ba3f1a998be74ab5ce92454d97","55369486","1712082653","2024-04-02 18:30:53","0x30ff20cb4a783b5bb97d0af2e86d08c6b996d7d2","0x56850506399d2080cbef6fe7805a9681e904d558","","0","0","0","0.02685848","0.0235803147922462","0.90","","","Mint With Token URI"
"0xa4089a34502b65e78b2342531f53183dfc6ce148618da51f99d1a46c376f1605","55370263","1712084453","2024-04-02 19:00:53","0x30ff20cb4a783b5bb97d0af2e86d08c6b996d7d2","0x56850506399d2080cbef6fe7805a9681e904d558","","0","0","0","0.00994664","0.00873262010080792","0.90","","","Safe Transfer"
"0xad3b75fe1ba6baa1c976d4b2aca42c31f78dbdc67d14f71ebdd654db5782b431","55373540","1712092016","2024-04-02 21:06:56","0x30ff20cb4a783b5bb97d0af2e86d08c6b996d7d2","0x56850506399d2080cbef6fe7805a9681e904d558","","0","0","0","0.026581612","0.0233372394359379","0.90","","","Mint With Token URI"
"0x34025b80b9cc2a023bf35746b4452739e390d3480d77b545230cc0bc80acec2f","55373701","1712092390","2024-04-02 21:13:10","0x30ff20cb4a783b5bb97d0af2e86d08c6b996d7d2","0x56850506399d2080cbef6fe7805a9681e904d558","","0","0","0","0.024913468","0.021872697859542","0.90","","","Mint With Token URI"
"0xf4bab6c4cf551ac53782356e591238902466be238913260bef952e034da2de35","55373793","1712092586","2024-04-02 21:16:26","0x30ff20cb4a783b5bb97d0af2e86d08c6b996d7d2","0x56850506399d2080cbef6fe7805a9681e904d558","","0","0","0","0.024660968","0.0216510163092442","0.90","","","Mint With Token URI"
"0x1d7784bad8696df7d9014d4017ee67e16853b9df50ee26aa5b1561c02de33c78","55375378","1712096056","2024-04-02 22:14:16","0x30ff20cb4a783b5bb97d0af2e86d08c6b996d7d2","0x56850506399d2080cbef6fe7805a9681e904d558","","0","0","0","0.014894248","0.0130763563847911","0.90","","","Mint With Token URI"
"0xbf5acc31122c698b2c149a347a3f776b006ea2dd413f870b93d9179855ce44b0","55375484","1712096281","2024-04-02 22:18:01","0x30ff20cb4a783b5bb97d0af2e86d08c6b996d7d2","0x56850506399d2080cbef6fe7805a9681e904d558","","0","0","0","0.005335016","0.00468385987225152","0.90","","","Safe Transfer"
"0xff0a97b200cf70540d811a5a0f4adecac12d288c6c3fa032b054c257cb48c35b","55375890","1712097193","2024-04-02 22:33:13","0x30ff20cb4a783b5bb97d0af2e86d08c6b996d7d2","0x56850506399d2080cbef6fe7805a9681e904d558","","0","0","0","0.019777608","0.0173636863470176","0.90","","","Mint With Token URI"
"0x554cbb6e17fd6af310de9be5957157025440d42c1c1d79b8b6d9ac02c0ccfa45","55377984","1712102045","2024-04-02 23:54:05","0x30ff20cb4a783b5bb97d0af2e86d08c6b996d7d2","0x56850506399d2080cbef6fe7805a9681e904d558","","0","0","0","0.019289272","0.016934953350795","0.90","","","Mint With Token URI"
"0x625230b810150a8f46f643a65af12f689fe45dc390f7f599c5891ca263019f94","55378137","1712102369","2024-04-02 23:59:29","0x30ff20cb4a783b5bb97d0af2e86d08c6b996d7d2","0x56850506399d2080cbef6fe7805a9681e904d558","","0","0","0","0.008499856","0.00746242081341768","0.90","","","Safe Transfer"
"0x778d513b5d1c711a9d6cc72e8e7a7b9122537bfbcfb7716885ee38c7445f9e0a","55378884","1712104047","2024-04-03 00:27:27","0x30ff20cb4a783b5bb97d0af2e86d08c6b996d7d2","0x56850506399d2080cbef6fe7805a9681e904d558","","0","0","0","0.0244168","0.0214366498111329","0.90","","","Mint With Token URI"
"0x4ed09b737fa7cfd8d3d8c6c4ba6b37c6527d4175173fce6840f257625129ecad","55379652","1712105775","2024-04-03 00:56:15","0x30ff20cb4a783b5bb97d0af2e86d08c6b996d7d2","0x56850506399d2080cbef6fe7805a9681e904d558","","0","0","0","0.036136864","0.0317262417204767","0.90","","","Mint With Token URI"
"0xeb986c74d3f11522b47afe5a26796f8306681aced07be70eeb77c14aa538320e","55386315","1712120861","2024-04-03 05:07:41","0x30ff20cb4a783b5bb97d0af2e86d08c6b996d7d2","0x56850506399d2080cbef6fe7805a9681e904d558","","0","0","0","0.027102648","0.0237946812903575","0.90","","","Mint With Token URI"
"0xec7c0a5a6df0950df851ecbf578498af8aa9285dd3939e814ffbd2e9eb0dcf70","55386336","1712120907","2024-04-03 05:08:27","0x30ff20cb4a783b5bb97d0af2e86d08c6b996d7d2","0x56850506399d2080cbef6fe7805a9681e904d558","","0","0","0","0.008359268","0.00733899203799881","0.90","","","Safe Transfer"
"0x73a0e3f75e8e10326f974db14fe7b9c1743a9cd8177ee1168761869f8d62f704","55387533","1712123552","2024-04-03 05:52:32","0x30ff20cb4a783b5bb97d0af2e86d08c6b996d7d2","0x56850506399d2080cbef6fe7805a9681e904d558","","0","0","0","0.029107502","0.0255548363115089","0.90","","","Safe Transfer"
"0x9cf844b23e73a5171af195fc7b42f8c65152b1494c95d49fe2d01b2efc67b0a8","55397070","1712144815","2024-04-03 11:46:55","0x30ff20cb4a783b5bb97d0af2e86d08c6b996d7d2","0x56850506399d2080cbef6fe7805a9681e904d558","","0","0","0","0.027102648","0.0237946812903575","0.90","","","Mint With Token URI"
"0x6208e4dc00961352e9eb96ec394f33e5b4e435643df556b42fa677e4406c04c5","55397144","1712144973","2024-04-03 11:49:33","0x30ff20cb4a783b5bb97d0af2e86d08c6b996d7d2","0x56850506399d2080cbef6fe7805a9681e904d558","","0","0","0","0.009583672","0.0084139535307149","0.90","","","Safe Transfer"
"0x87b3457bd36822f2b9f9132343a679e1ac6a1efa839821cea98ee6228667f995","55397669","1712146153","2024-04-03 12:09:13","0x30ff20cb4a783b5bb97d0af2e86d08c6b996d7d2","0x56850506399d2080cbef6fe7805a9681e904d558","","0","0","0","0.026125976","0.0229372152979122","0.90","","","Mint With Token URI"
"0x8a7b3096777a6fb8b06f51e5c5dbb223e3fc8e3e4bd84093de3651d4967193e1","55399130","1712149523","2024-04-03 13:05:23","0x30ff20cb4a783b5bb97d0af2e86d08c6b996d7d2","0x56850506399d2080cbef6fe7805a9681e904d558","","0","0","0","0.039555216","0.0347273726940353","0.90","","","Mint With Token URI"
"0xe9cc4a7e180b20a706e211b1f34de7a79101b54fb40bc1b52c5d2183706213bd","55399172","1712149613","2024-04-03 13:06:53","0x30ff20cb4a783b5bb97d0af2e86d08c6b996d7d2","0x56850506399d2080cbef6fe7805a9681e904d558","","0","0","0","0.037357704","0.0327980742110333","0.90","","","Mint With Token URI"
"0x601558b4d97b8c0088657e2e58754ca5143f1a6adb9e771c8f2041764203a50a","55400183","1712152081","2024-04-03 13:48:01","0x30ff20cb4a783b5bb97d0af2e86d08c6b996d7d2","0x56850506399d2080cbef6fe7805a9681e904d558","","0","0","0","0.055253632","0.0485097457478952","0.90","","","Mint With Token URI"
"0x63d2687da6a36a0196c530191d2fdff1fbc34d2436d2587ae557d35dd2da4e8c","55401851","1712156195","2024-04-03 14:56:35","0x30ff20cb4a783b5bb97d0af2e86d08c6b996d7d2","0x56850506399d2080cbef6fe7805a9681e904d558","","0","0","0","0.069099544","0.0606657189655061","0.90","","","Mint With Token URI"
"0x7f957eae16b378cd8e34002c9a4cc0f2776410333f68a4e95abb151504ea9876","55401874","1712156253","2024-04-03 14:57:33","0x30ff20cb4a783b5bb97d0af2e86d08c6b996d7d2","0x56850506399d2080cbef6fe7805a9681e904d558","","0","0","0","0.061530336","0.0540203575240549","0.90","","","Mint With Token URI"
"0x036092b53ac4b73cf4a17ab04d141ff2020a6d636bfe41e29500adc3466e8fb8","55401940","1712156393","2024-04-03 14:59:53","0x30ff20cb4a783b5bb97d0af2e86d08c6b996d7d2","0x56850506399d2080cbef6fe7805a9681e904d558","","0","0","0","0.061774504","0.0542347240221662","0.90","","","Mint With Token URI"
"0x4ebf9c5274375f409f3e8009a1d6f19e9f6ac2e70f7eea8d13f7d6486137954f","55405420","1712164848","2024-04-03 17:20:48","0x30ff20cb4a783b5bb97d0af2e86d08c6b996d7d2","0x56850506399d2080cbef6fe7805a9681e904d558","","0","0","0","0.053407092","0.0468885819859669","0.90","","","Mint With Token URI"
"0x447825f0d7c535afb7242be6c52e6b03148468bb897b9c2aa9fb16528bbefa45","55406856","1712168078","2024-04-03 18:14:38","0x30ff20cb4a783b5bb97d0af2e86d08c6b996d7d2","0x56850506399d2080cbef6fe7805a9681e904d558","","0","0","0","0.060553664","0.0531628915316096","0.90","","","Mint With Token URI"
"0x7df43e19ba237abdaffd1cfb6fb9588fe47ff3e0ef7f93a6ee7526c06f6050df","55410606","1712177229","2024-04-03 20:47:09","0x30ff20cb4a783b5bb97d0af2e86d08c6b996d7d2","0x56850506399d2080cbef6fe7805a9681e904d558","","0","0","0","0.057552848","0.0505283349255169","0.90","","","Mint With Token URI"
"0xb4a8dff307ea1907ee8efe80f7ca114ed40f042609522fe03c81487713af8018","55411213","1712178835","2024-04-03 21:13:55","0xcbea2edbb5f0c8dd51e1d3941ab8a93ce6e958d8","0x56850506399d2080cbef6fe7805a9681e904d558","","0","0","0","0.009961337545513472","0.00874552376288713","0.90","","","Transfer From"
"0xfd7469e94f91d82d6dfddf666f0b5c47e010ecd5b1a1fd7ec374257de45d8e8f","55411652","1712179811","2024-04-03 21:30:11","0xcbea2edbb5f0c8dd51e1d3941ab8a93ce6e958d8","0x56850506399d2080cbef6fe7805a9681e904d558","","0","0","0","0.004560271630804134","0.0040036755837453","0.90","","","Set Approval For All"
"0x14ff89859c33c30b48c1be727340cb3c53b240a615fd77814c6f354b54fcb933","55412071","1712180770","2024-04-03 21:46:10","0x30ff20cb4a783b5bb97d0af2e86d08c6b996d7d2","0x56850506399d2080cbef6fe7805a9681e904d558","","0","0","0","0.032560176","0.0285861001728668","0.90","","","Mint With Token URI"
"0xe0e35ccc93d132af86252903bef3a6a5fde95c3bb87f735e270bb59d769aead8","55413377","1712183706","2024-04-03 22:35:06","0x30ff20cb4a783b5bb97d0af2e86d08c6b996d7d2","0x56850506399d2080cbef6fe7805a9681e904d558","","0","0","0","0.032434444","0.028475714174126","0.90","","","Mint With Token URI"
"0xc2768f0db1fb499381bc39c70a27c186f83047e4b2186c2c3a258f2149ad0872","55417012","1712191922","2024-04-04 00:52:02","0x30ff20cb4a783b5bb97d0af2e86d08c6b996d7d2","0x56850506399d2080cbef6fe7805a9681e904d558","","0","0","0","0.02194812","0.0192692802682056","0.91","","","Mint With Token URI"
"0xf01eefa639e258652887a27ee1f2a7c9b8e7f6a4d6a99afbbe35169067d39eb4","55417201","1712192359","2024-04-04 00:59:19","0x30ff20cb4a783b5bb97d0af2e86d08c6b996d7d2","0x56850506399d2080cbef6fe7805a9681e904d558","","0","0","0","0.0246668","0.0216561364945961","0.91","","","Mint With Token URI"
"0xcaa0e2c2e879b706709fd79014eed2724634b0d2d09eb72c9b87b391d0209300","55417384","1712192786","2024-04-04 01:06:26","0x30ff20cb4a783b5bb97d0af2e86d08c6b996d7d2","0x56850506399d2080cbef6fe7805a9681e904d558","","0","0","0","0.028120152","0.0246879956038395","0.91","","","Mint With Token URI"
"0x826aefe98f7dd5aa881a9a86632c56256f08bd7e6c88e2a064b8a1df1195d34d","55421849","1712203135","2024-04-04 03:58:55","0x30ff20cb4a783b5bb97d0af2e86d08c6b996d7d2","0x56850506399d2080cbef6fe7805a9681e904d558","","0","0","0","0.028323488","0.0248665137809142","0.91","","","Mint With Token URI"
"0x61d4c95ac68484a9e0c1cb2b25a2cd40f33390988b67aa6bd30155b49ff0ad55","55421926","1712203299","2024-04-04 04:01:39","0x30ff20cb4a783b5bb97d0af2e86d08c6b996d7d2","0x56850506399d2080cbef6fe7805a9681e904d558","","0","0","0","0.011122152","0.0097646570218125","0.91","","","Safe Transfer"
"0x65c8e9489bd246e9ddf44fa739ed1c3a69b14b4c5a81547f08789033230ea6c9","55422301","1712204159","2024-04-04 04:15:59","0x30ff20cb4a783b5bb97d0af2e86d08c6b996d7d2","0x56850506399d2080cbef6fe7805a9681e904d558","","0","0","0","0.030276832","0.0265814457658048","0.91","","","Mint With Token URI"
"0xa86cd38d5db964b2fdd9b2bdae67f763b3ecaad374e68d3e5acd6fd2e19561ee","55425247","1712210972","2024-04-04 06:09:32","0x30ff20cb4a783b5bb97d0af2e86d08c6b996d7d2","0x56850506399d2080cbef6fe7805a9681e904d558","","0","0","0","0.043164636","0.0378962511941376","0.91","","","Mint With Token URI"
"0xc6cf03d975260c54cb7d31320eddc5a3a81ea92317c72cd5ac71f01b1ee259a9","55425361","1712211248","2024-04-04 06:14:08","0x30ff20cb4a783b5bb97d0af2e86d08c6b996d7d2","0x56850506399d2080cbef6fe7805a9681e904d558","","0","0","0","0.043413568","0.0381148002304891","0.91","","","Mint With Token URI"
"0x94d87ac5e935bb06f5d1a127eb9bcf5fd3077aea11e85853c6371fffbf5e5488","55425845","1712212320","2024-04-04 06:32:00","0x30ff20cb4a783b5bb97d0af2e86d08c6b996d7d2","0x56850506399d2080cbef6fe7805a9681e904d558","","0","0","0","0.017424214","0.0152975317712493","0.91","","","Safe Transfer"
"0x219862c863d9aea7efdda6721f59f7608b9e47894ce2f1a1958efa8694695708","55426678","1712214206","2024-04-04 07:03:26","0x30ff20cb4a783b5bb97d0af2e86d08c6b996d7d2","0x56850506399d2080cbef6fe7805a9681e904d558","","0","0","0","0.070564552","0.0619519179541741","0.91","","","Mint With Token URI"
"0x3bf6594ad8e6d50d0e5ae1360c670777638e66ac17ba996a15848313e635d424","55432914","1712228776","2024-04-04 11:06:16","0x30ff20cb4a783b5bb97d0af2e86d08c6b996d7d2","0x56850506399d2080cbef6fe7805a9681e904d558","","0","0","0","0.044438576","0.0390147026562619","0.91","","","Mint With Token URI"
"0x699dcbb7c3b12a33dd251dcd8bcf324d0c291986dcbbde650f06c140f31e4fd6","55433803","1712231054","2024-04-04 11:44:14","0x30ff20cb4a783b5bb97d0af2e86d08c6b996d7d2","0x56850506399d2080cbef6fe7805a9681e904d558","","0","0","0","0.049505204","0.0434629321605082","0.91","","","Mint With Token URI"
"0xb394e09d676d9fc1a1b4db8024f75b0dc45c6e5e82557f5d9a6abae885beff26","55433990","1712231484","2024-04-04 11:51:24","0x30ff20cb4a783b5bb97d0af2e86d08c6b996d7d2","0x56850506399d2080cbef6fe7805a9681e904d558","","0","0","0","0.035273524","0.0309682751872724","0.91","","","Mint With Token URI"
"0x3e4ef62c1142626b3b48b847d2dddedfbb210419970e5f125630e385ed1bc25a","55437247","1712239684","2024-04-04 14:08:04","0x30ff20cb4a783b5bb97d0af2e86d08c6b996d7d2","0x56850506399d2080cbef6fe7805a9681e904d558","","0","0","0","0.07681842","0.0674424809387195","0.91","","","Mint With Token URI"
"0x01057d160b06247e21f508d699e1c0dab920909033d9c744cda16da8f52c44ad","55438761","1712243066","2024-04-04 15:04:26","0x30ff20cb4a783b5bb97d0af2e86d08c6b996d7d2","0x56850506399d2080cbef6fe7805a9681e904d558","","0","0","0","0.04389624","0.0385385605364112","0.91","","","Mint With Token URI"
"0xb51b02a35bdce154918b25d4b065d25d2d8262e4fd1eaec6d806959ac5415a58","55438815","1712243212","2024-04-04 15:06:52","0x30ff20cb4a783b5bb97d0af2e86d08c6b996d7d2","0x56850506399d2080cbef6fe7805a9681e904d558","","0","0","0","0.046636088","0.0409440011392638","0.91","","","Mint With Token URI"
"0xc3089c480ac4b2b85f57d77d494495c37e42092eef95ceb822784aa4cb4075d3","55439975","1712245851","2024-04-04 15:50:51","0x30ff20cb4a783b5bb97d0af2e86d08c6b996d7d2","0x56850506399d2080cbef6fe7805a9681e904d558","","0","0","0","0.03206684","0.0281529774429749","0.91","","","Mint With Token URI"
"0x903676c130e732ddbf548034dd7a91a90be22a815a8ef9ed46fd3bff996e7ffc","55444325","1712255769","2024-04-04 18:36:09","0x30ff20cb4a783b5bb97d0af2e86d08c6b996d7d2","0x56850506399d2080cbef6fe7805a9681e904d558","","0","0","0","0.01193481","0.0104781274586517","0.91","","","Safe Transfer"
"0x6ab4b451e5a2b6b268ef3dad64c51125f5726e075f853772b685adfe2a0149ba","55446691","1712261283","2024-04-04 20:08:03","0x30ff20cb4a783b5bb97d0af2e86d08c6b996d7d2","0x56850506399d2080cbef6fe7805a9681e904d558","","0","0","0","0.061530336","0.0540203575240549","0.91","","","Mint With Token URI"
"0x75d4a0f26a37aa12449f53109a9b91dba0cb000cf4ac204adf55bd09ea4183b3","55446759","1712261427","2024-04-04 20:10:27","0x30ff20cb4a783b5bb97d0af2e86d08c6b996d7d2","0x56850506399d2080cbef6fe7805a9681e904d558","","0","0","0","0.019218504","0.0168728228163337","0.91","","","Safe Transfer"
"0x0376b96f440a7f08f24eb1b6e56c4685c08a2a7ff6aa027cb2ed7e694a43352a","55450303","1712269807","2024-04-04 22:30:07","0x30ff20cb4a783b5bb97d0af2e86d08c6b996d7d2","0x56850506399d2080cbef6fe7805a9681e904d558","","0","0","0","0.022463456","0.0197217178262423","0.91","","","Mint With Token URI"
"0xb5846fd613142fe0e256aa41f2accfa07f367395a5681de076fd629d6e790766","55454265","1712279138","2024-04-05 01:05:38","0x30ff20cb4a783b5bb97d0af2e86d08c6b996d7d2","0x56850506399d2080cbef6fe7805a9681e904d558","","0","0","0","0.024660968","0.0216510163092442","0.88","","","Mint With Token URI"
"0xa3a3132f2135276eb9506799e40dabedc0840b50219b33dd6c86b087c140d2e3","55454322","1712279291","2024-04-05 01:08:11","0x354df4f1565c0247a9ef4a01342b32c5bc8cae30","0x56850506399d2080cbef6fe7805a9681e904d558","","0","0","0","0.008615976134769874","0.00756436810647342","0.88","","","Safe Transfer From"
"0x9c9b04a1e0a84970dd6003e7e6f4e4a011676446c9da665e850ce4d9eaf29e29","55455954","1712283162","2024-04-05 02:12:42","0x30ff20cb4a783b5bb97d0af2e86d08c6b996d7d2","0x56850506399d2080cbef6fe7805a9681e904d558","","0","0","0","0.024874536","0.0218385176372997","0.88","","","Mint With Token URI"
"0x381971607e2fd84994594161582b731d0e216bc4f500b701c6c4ffcdf6235065","55459485","1712290940","2024-04-05 04:22:20","0x605ac57e6fc9e01f4a7f984ed317c34505d9f2d0","0x56850506399d2080cbef6fe7805a9681e904d558","","0","0","0","0.005093910515962487","0.00447218210002683","0.88","","","Set Approval For All"
"0xc40aec3abb5c02d796af2be6bae66c3045bf60d8ffc75cacf7beb2b4e32706e7","55465128","1712303444","2024-04-05 07:50:44","0x30ff20cb4a783b5bb97d0af2e86d08c6b996d7d2","0x56850506399d2080cbef6fe7805a9681e904d558","","0","0","0","0.052740288","0.0463031635920471","0.88","","","Mint With Token URI"
"0x84a7ffee16257e23ac78398b14ec53c8f0578c1467cf7cc8c82067b9f3574f42","55467065","1712307844","2024-04-05 09:04:04","0x30ff20cb4a783b5bb97d0af2e86d08c6b996d7d2","0x56850506399d2080cbef6fe7805a9681e904d558","","0","0","0","0.042180228","0.0370319934057593","0.88","","","Mint With Token URI"
"0xec8ed98aaaac84356f5784ef1ca1e94e3dfca4ff8ac519ec9228482548fd1615","55467358","1712308466","2024-04-05 09:14:26","0x30ff20cb4a783b5bb97d0af2e86d08c6b996d7d2","0x56850506399d2080cbef6fe7805a9681e904d558","","0","0","0","0.041440224","0.0363823093109214","0.88","","","Mint With Token URI"
"0x6787e8f65e2c33bfd04e55d2d0370efc0cb2df2c977bfcf117de5afdcddb0efc","55467483","1712308764","2024-04-05 09:19:24","0x30ff20cb4a783b5bb97d0af2e86d08c6b996d7d2","0x56850506399d2080cbef6fe7805a9681e904d558","","0","0","0","0.0370002","0.0324842047418941","0.88","","","Mint With Token URI"
"0x219f078b2e88497b0473448d6d430369b98ed93e0a221f4ec969db68bb2e9ce0","55467649","1712309118","2024-04-05 09:25:18","0x30ff20cb4a783b5bb97d0af2e86d08c6b996d7d2","0x56850506399d2080cbef6fe7805a9681e904d558","","0","0","0","0.017524932","0.0153859568103894","0.88","","","Safe Transfer"
"0x33430cf69c136e6feee0ef3850b4d295b4f513a48690c32928e54b5f5c2e178b","55467670","1712309162","2024-04-05 09:26:02","0x30ff20cb4a783b5bb97d0af2e86d08c6b996d7d2","0x56850506399d2080cbef6fe7805a9681e904d558","","0","0","0","0.015296314","0.0134293489162843","0.88","","","Safe Transfer"
"0xeccb113e74a0c124f57b210d9294ff1b0def9c0a591e7cc8c3f844e492654cac","55467879","1712309670","2024-04-05 09:34:30","0x30ff20cb4a783b5bb97d0af2e86d08c6b996d7d2","0x56850506399d2080cbef6fe7805a9681e904d558","","0","0","0","0.041752728","0.0366566711770373","0.88","","","Mint With Token URI"
"0xb8052d5210abaca11eaf11934e228f1c2c8593a98c6b23c64509229c19b3ad0f","55472340","1712320059","2024-04-05 12:27:39","0x30ff20cb4a783b5bb97d0af2e86d08c6b996d7d2","0x56850506399d2080cbef6fe7805a9681e904d558","","0","0","0","0.033897652","0.0297603328586731","0.88","","","Mint With Token URI"
"0x5bde21e18c2fab7b36b883a072dfe57687e689dc0fea6a9364ae944ebed2627e","55474325","1712324676","2024-04-05 13:44:36","0x30ff20cb4a783b5bb97d0af2e86d08c6b996d7d2","0x56850506399d2080cbef6fe7805a9681e904d558","","0","0","0","0.052740288","0.0463031635920471","0.88","","","Mint With Token URI"
"0xbab0cfc09dd7f929a43bbe4b0f31d6d8ab2fe46ce35a61a72a2a10c533793316","55474699","1712325557","2024-04-05 13:59:17","0x30ff20cb4a783b5bb97d0af2e86d08c6b996d7d2","0x56850506399d2080cbef6fe7805a9681e904d558","","0","0","0","0.023691088","0.0207995133310152","0.88","","","Safe Transfer"
"0x30729f7d4e870c122d6bafdda523e7557c97bcf8139ded32f207b251ccca190d","55478256","1712333645","2024-04-05 16:14:05","0x30ff20cb4a783b5bb97d0af2e86d08c6b996d7d2","0x56850506399d2080cbef6fe7805a9681e904d558","","0","0","0","0.057135312","0.050161760558051","0.88","","","Mint With Token URI"
"0xc98f90792db81ae078cff05f182cdb2e9249ded6949b1c9f9822ea03d9b409b2","55478505","1712334210","2024-04-05 16:23:30","0x30ff20cb4a783b5bb97d0af2e86d08c6b996d7d2","0x56850506399d2080cbef6fe7805a9681e904d558","","0","0","0","0.055670304","0.048875561569383","0.88","","","Mint With Token URI"
"0xf164ec2c56dd3d035178e631e5431862d5629ea765546d3ba3ee99316aae2513","55479117","1712335578","2024-04-05 16:46:18","0x30ff20cb4a783b5bb97d0af2e86d08c6b996d7d2","0x56850506399d2080cbef6fe7805a9681e904d558","","0","0","0","0.037493536","0.032917327471786","0.88","","","Mint With Token URI"
"0x57b4dbce02b52f930ff8fba7e1b54985122b9edc70aeefb1deebecd5884f644b","55479172","1712335706","2024-04-05 16:48:26","0x30ff20cb4a783b5bb97d0af2e86d08c6b996d7d2","0x56850506399d2080cbef6fe7805a9681e904d558","","0","0","0","0.039713548","0.0348663797562997","0.88","","","Mint With Token URI"
"0x1e6b01e764977b9ace1fead07b1ca412c12fa4f02799572665fb23f5a3e8ebce","55479177","1712335726","2024-04-05 16:48:46","0x30ff20cb4a783b5bb97d0af2e86d08c6b996d7d2","0x56850506399d2080cbef6fe7805a9681e904d558","","0","0","0","0.044153572","0.0387644843253269","0.88","","","Mint With Token URI"
"0xd4a8287028305420829370a4acab2ea4e5a95f3b8f93a1614b07baba3d926f3b","55480265","1712338196","2024-04-05 17:29:56","0x30ff20cb4a783b5bb97d0af2e86d08c6b996d7d2","0x56850506399d2080cbef6fe7805a9681e904d558","","0","0","0","0.028567656","0.0250808802790255","0.88","","","Mint With Token URI"
"0x42d9a2fafb30ee3799da1aba6f16d7ab2d6636a6fb2e61c8fb4e06ebaa571abf","55480400","1712338496","2024-04-05 17:34:56","0x30ff20cb4a783b5bb97d0af2e86d08c6b996d7d2","0x56850506399d2080cbef6fe7805a9681e904d558","","0","0","0","0.02563764","0.0225084823016895","0.88","","","Mint With Token URI"
"0x1a3edede4dd4e825e15204d26b510b5fcf2060653445af671e9ee3477f78c4eb","55488034","1712355830","2024-04-05 22:23:50","0x30ff20cb4a783b5bb97d0af2e86d08c6b996d7d2","0x56850506399d2080cbef6fe7805a9681e904d558","","0","0","0","0.0427294","0.0375141371694826","0.88","","","Mint With Token URI"
"0x00dfc72ebb59d74eca9c61f1503640be701608aaab87f6d500d8f18922edf30b","55490949","1712362520","2024-04-06 00:15:20","0x30ff20cb4a783b5bb97d0af2e86d08c6b996d7d2","0x56850506399d2080cbef6fe7805a9681e904d558","","0","0","0","0.021215472","0.0186260543495419","0.90","","","Mint With Token URI"
"0x33f6ed1c05a4b19af998bcb66551da2c21012a46b7e440a73014021bfd1311f9","55492100","1712365183","2024-04-06 00:59:43","0x30ff20cb4a783b5bb97d0af2e86d08c6b996d7d2","0x56850506399d2080cbef6fe7805a9681e904d558","","0","0","0","0.023411328","0.0205538989527526","0.90","","","Mint With Token URI"
"0x2304c20a11bd3e054596ef35ebd3f1325ee36829d4419a5ceac3b7e5a6a3dab4","55497981","1712378744","2024-04-06 04:45:44","0x30ff20cb4a783b5bb97d0af2e86d08c6b996d7d2","0x56850506399d2080cbef6fe7805a9681e904d558","","0","0","0","0.03174184","0.0278676447544728","0.90","","","Mint With Token URI"
"0x174c97a71b5bb49676917620dc61a24ad2db903baa00e90edcfd59a22726d328","55498015","1712378820","2024-04-06 04:47:00","0x30ff20cb4a783b5bb97d0af2e86d08c6b996d7d2","0x56850506399d2080cbef6fe7805a9681e904d558","","0","0","0","0.02930016","0.0257239797733595","0.90","","","Mint With Token URI"
"0x7e578d953f647842270e40f0067b92eed20e4fb09a925324f2df01ed6445a1ff","55498043","1712378880","2024-04-06 04:48:00","0x30ff20cb4a783b5bb97d0af2e86d08c6b996d7d2","0x56850506399d2080cbef6fe7805a9681e904d558","","0","0","0","0.025393472","0.0222941158035782","0.90","","","Mint With Token URI"
"0x5d03700012dbf3323a47f9a4af8d799da206bfed0e91e2dc121714fb578a7514","55498083","1712378966","2024-04-06 04:49:26","0x30ff20cb4a783b5bb97d0af2e86d08c6b996d7d2","0x56850506399d2080cbef6fe7805a9681e904d558","","0","0","0","0.024172632","0.0212222833130216","0.90","","","Mint With Token URI"
"0xf13bd5ca5c407512ba3e996159bcd61ef64246f3fb0e33a7ad660a2a21dcb472","55498112","1712379028","2024-04-06 04:50:28","0x30ff20cb4a783b5bb97d0af2e86d08c6b996d7d2","0x56850506399d2080cbef6fe7805a9681e904d558","","0","0","0","0.02563764","0.0225084823016895","0.90","","","Mint With Token URI"
"0x697dc4fc4035471ef8a92e733e09b9ad51508e18323e1178ce12b5019e618523","55498153","1712379114","2024-04-06 04:51:54","0x30ff20cb4a783b5bb97d0af2e86d08c6b996d7d2","0x56850506399d2080cbef6fe7805a9681e904d558","","0","0","0","0.024172632","0.0212222833130216","0.90","","","Mint With Token URI"
"0xdb04a831df08b8b1cef1629fb16a58184bdb2a4b61a3f6120fbd57e3bcb20816","55500370","1712384284","2024-04-06 06:18:04","0x30ff20cb4a783b5bb97d0af2e86d08c6b996d7d2","0x56850506399d2080cbef6fe7805a9681e904d558","","0","0","0","0.028567656","0.0250808802790255","0.90","","","Mint With Token URI"
"0xd1c991e593a8341d446e63115fbe6ba11037da01cfa5961d9481e7c976a4c250","55500561","1712384721","2024-04-06 06:25:21","0x30ff20cb4a783b5bb97d0af2e86d08c6b996d7d2","0x56850506399d2080cbef6fe7805a9681e904d558","","0","0","0","0.021486784","0.0188642518337969","0.90","","","Mint With Token URI"
"0x22bce504d908bd25292a1f617d53b13af5c80728d86096db8998e71a27fdc7f0","55504778","1712393937","2024-04-06 08:58:57","0x30ff20cb4a783b5bb97d0af2e86d08c6b996d7d2","0x56850506399d2080cbef6fe7805a9681e904d558","","0","0","0","0.043461904","0.0381572366638166","0.90","","","Mint With Token URI"
"0xa2215042f6e2fe876ef4a2556f37d4aee87a9452bc71e141e8e4c230e0284eb0","55509369","1712404053","2024-04-06 11:47:33","0x30ff20cb4a783b5bb97d0af2e86d08c6b996d7d2","0x56850506399d2080cbef6fe7805a9681e904d558","","0","0","0","0.022219288","0.0195073513281309","0.90","","","Mint With Token URI"
"0x1518182f29acaa8288b40ead4ea974952d251e4e98fc1c1de69181ede5824c16","55509974","1712405438","2024-04-06 12:10:38","0x30ff20cb4a783b5bb97d0af2e86d08c6b996d7d2","0x56850506399d2080cbef6fe7805a9681e904d558","","0","0","0","0.013473176","0.0118287308638216","0.90","","","Safe Transfer"
"0x69dc3d5d2f31e3ddc11961769e6f88964e45bd3ee5ea93ef1175ff91f70c75a8","55511364","1712408554","2024-04-06 13:02:34","0x30ff20cb4a783b5bb97d0af2e86d08c6b996d7d2","0x56850506399d2080cbef6fe7805a9681e904d558","","0","0","0","0.024905136","0.0218653828073556","0.90","","","Mint With Token URI"
"0xa32c96b063d7e83a84a5044277409a654edd6d1bfd721bf95700fb49e8958f3f","55511372","1712408570","2024-04-06 13:02:50","0x30ff20cb4a783b5bb97d0af2e86d08c6b996d7d2","0x56850506399d2080cbef6fe7805a9681e904d558","","0","0","0","0.010373954","0.00910777903143743","0.90","","","Safe Transfer"
"0x906e321e44b1539186b2582f2a9b2041e1fa025ecc57d6557993abe241b965e3","55512977","1712412194","2024-04-06 14:03:14","0x30ff20cb4a783b5bb97d0af2e86d08c6b996d7d2","0x56850506399d2080cbef6fe7805a9681e904d558","","0","0","0","0.023928464","0.0210079168149102","0.90","","","Mint With Token URI"
"0xac6220a3b6cfcd7221330f7e4ec965244346484c74135beedc296b557a56236a","55513109","1712412474","2024-04-06 14:07:54","0x30ff20cb4a783b5bb97d0af2e86d08c6b996d7d2","0x56850506399d2080cbef6fe7805a9681e904d558","","0","0","0","0.010306968","0.00904896889152357","0.90","","","Safe Transfer"
"0xe68852e4ec4d0ee22bab53b63959c632bd875cf78ad34314a69cd1c3e3082a62","55513626","1712413636","2024-04-06 14:27:16","0x30ff20cb4a783b5bb97d0af2e86d08c6b996d7d2","0x56850506399d2080cbef6fe7805a9681e904d558","","0","0","0","0.028323488","0.0248665137809142","0.90","","","Mint With Token URI"
"0xe280e9de8a35a9032a9d255ccc4dc30a3cd1d53b032e9bff3d9a3faf03730f4b","55515297","1712417513","2024-04-06 15:31:53","0x30ff20cb4a783b5bb97d0af2e86d08c6b996d7d2","0x56850506399d2080cbef6fe7805a9681e904d558","","0","0","0","0.012690468","0.0111415549316613","0.90","","","Safe Transfer"
"0x938d8be0c8aed9b4699fcca3f1df2e38912079ec04f765a54e12c042c01ada68","55518266","1712424493","2024-04-06 17:28:13","0x30ff20cb4a783b5bb97d0af2e86d08c6b996d7d2","0x56850506399d2080cbef6fe7805a9681e904d558","","0","0","0","0.02194812","0.0192692802682056","0.90","","","Mint With Token URI"
"0x3426dc6c4574d4f2b515a452aaede944fa448ad8019639d9ecf0a32c2be68eba","55520736","1712430199","2024-04-06 19:03:19","0x30ff20cb4a783b5bb97d0af2e86d08c6b996d7d2","0x56850506399d2080cbef6fe7805a9681e904d558","","0","0","0","0.026580304","0.02333609108161","0.90","","","Mint With Token URI"
"0x20a24945473952543648a2cf13d165dbe5858ca0e6bc2a3205321e9d6dfac21d","55520947","1712430655","2024-04-06 19:10:55","0x30ff20cb4a783b5bb97d0af2e86d08c6b996d7d2","0x56850506399d2080cbef6fe7805a9681e904d558","","0","0","0","0.026125976","0.0229372152979122","0.90","","","Mint With Token URI"
"0x4ca9c125f5a5a838dfde717cb66e7ea4c0e73d16b3e892c1c3364a35cbf7c12f","55520956","1712430691","2024-04-06 19:11:31","0x48290fd100087b6fd33d831497058f1ff46be828","0x56850506399d2080cbef6fe7805a9681e904d558","","0","0","0","0.004721896193216739","0.0041455733404258","0.90","","","Set Approval For All"
"0x714a1c8a1ce2338265a8264a699c420f02bfdda29fef4d9dd15750ed304c51dc","55520995","1712430781","2024-04-06 19:13:01","0x30ff20cb4a783b5bb97d0af2e86d08c6b996d7d2","0x56850506399d2080cbef6fe7805a9681e904d558","","0","0","0","0.009765792","0.00857384518988414","0.90","","","Safe Transfer"
"0xceb271e7f932313f2d92e5a5ad3b3190d43b91760c8924f93f169cca6b93f142","55523767","1712437071","2024-04-06 20:57:51","0x30ff20cb4a783b5bb97d0af2e86d08c6b996d7d2","0x56850506399d2080cbef6fe7805a9681e904d558","","0","0","0","0.021242616","0.0186498853356856","0.90","","","Mint With Token URI"
"0x1afea986455dc29af9feb170fe2b8a6c3322df865417fa1f62a6d3fa8ac843b2","55528267","1712447029","2024-04-06 23:43:49","0x30ff20cb4a783b5bb97d0af2e86d08c6b996d7d2","0x56850506399d2080cbef6fe7805a9681e904d558","","0","0","0","0.0121934","0.0107051557045587","0.90","","","Mint With Token URI"
"0x06284d807985155bb48164a3bea77194b706d4fd8bf76c50ecace010d5566acb","55529948","1712450818","2024-04-07 00:46:58","0x30ff20cb4a783b5bb97d0af2e86d08c6b996d7d2","0x56850506399d2080cbef6fe7805a9681e904d558","","0","0","0","0.018800936","0.0165062203545723","0.91","","","Mint With Token URI"
"0xa580b460f5e1621bb63a69ff941da1adab2d4a11f17a96af0f01126c48929c13","55529989","1712450906","2024-04-07 00:48:26","0x30ff20cb4a783b5bb97d0af2e86d08c6b996d7d2","0x56850506399d2080cbef6fe7805a9681e904d558","","0","0","0","0.017335928","0.0152200213659044","0.91","","","Mint With Token URI"
"0xd40d89e73584585b207157bc93f80a6b0883927fa87c4536eab5c07ce34a12fc","55530020","1712450972","2024-04-07 00:49:32","0x30ff20cb4a783b5bb97d0af2e86d08c6b996d7d2","0x56850506399d2080cbef6fe7805a9681e904d558","","0","0","0","0.017335928","0.0152200213659044","0.91","","","Mint With Token URI"
"0xd25832517fe0fc153ef7922d1282653716a9a17232646367d224d639cab3d63a","55530049","1712451034","2024-04-07 00:50:34","0x30ff20cb4a783b5bb97d0af2e86d08c6b996d7d2","0x56850506399d2080cbef6fe7805a9681e904d558","","0","0","0","0.01709176","0.015005654867793","0.91","","","Mint With Token URI"
"0xd78ed83686f4546d1463b388ee02e17f4dfd09225d04883992ce7c247783897a","55530076","1712451090","2024-04-07 00:51:30","0x30ff20cb4a783b5bb97d0af2e86d08c6b996d7d2","0x56850506399d2080cbef6fe7805a9681e904d558","","0","0","0","0.01709176","0.015005654867793","0.91","","","Mint With Token URI"
"0xac4df2d75248293461b0a2626002106ea6cda1686d58a235326999cf58e5373d","55530101","1712451156","2024-04-07 00:52:36","0x30ff20cb4a783b5bb97d0af2e86d08c6b996d7d2","0x56850506399d2080cbef6fe7805a9681e904d558","","0","0","0","0.022219288","0.0195073513281309","0.91","","","Mint With Token URI"
"0xcfb8031f63aa25b9c391c77dd335909acd0a3c706ee344b9dec5dcb7641c2518","55530116","1712451207","2024-04-07 00:53:27","0x30ff20cb4a783b5bb97d0af2e86d08c6b996d7d2","0x56850506399d2080cbef6fe7805a9681e904d558","","0","0","0","0.010273236","0.00901935399229726","0.91","","","Safe Transfer"
"0x0fef3928931ecc3c5813353c79e2694e890a217ca5cf0a63c87e4cdd89e49cf1","55530364","1712451765","2024-04-07 01:02:45","0x30ff20cb4a783b5bb97d0af2e86d08c6b996d7d2","0x56850506399d2080cbef6fe7805a9681e904d558","","0","0","0","0.007427112","0.00652060872235767","0.91","","","Safe Transfer"
"0xf35fb5adcc43740a2520b15b75815b2535439a32a91bcf5ee82a85baac4dce34","55531908","1712455201","2024-04-07 02:00:01","0x30ff20cb4a783b5bb97d0af2e86d08c6b996d7d2","0x56850506399d2080cbef6fe7805a9681e904d558","","0","0","0","0.006896604","0.00605485095647498","0.91","","","Safe Transfer"
"0xe4165ebe22ab8ca147cdd658c616fd35017b32dfb213502d29c9f106abae2574","55539904","1712473305","2024-04-07 07:01:45","0x30ff20cb4a783b5bb97d0af2e86d08c6b996d7d2","0x56850506399d2080cbef6fe7805a9681e904d558","","0","0","0","0.021730952","0.0190786183319083","0.91","","","Mint With Token URI"
"0xba9ef14ddca5f332312588351da916a0190a8ae512ff2b51fc86fc580bf27151","55543345","1712480798","2024-04-07 09:06:38","0x30ff20cb4a783b5bb97d0af2e86d08c6b996d7d2","0x56850506399d2080cbef6fe7805a9681e904d558","","0","0","0","0.060797832","0.0533772580297209","0.91","","","Mint With Token URI"
"0x753b51c1422075080e54d6fea4d94c0b799e07d4bd7c6f360b406be275651b68","55552648","1712501527","2024-04-07 14:52:07","0x30ff20cb4a783b5bb97d0af2e86d08c6b996d7d2","0x56850506399d2080cbef6fe7805a9681e904d558","","0","0","0","0.039311048","0.034513006195924","0.91","","","Mint With Token URI"
"0x24e8820ccd8cb8801ac88fcb599a9644ce5e925f6e97194cb183b2c2bb1d6885","55557421","1712512072","2024-04-07 17:47:52","0x7f98607a3c3a240a1373017407aeda1b366531d3","0x56850506399d2080cbef6fe7805a9681e904d558","","0","0","0","0.009806205566595867","0.00860932614868032","0.91","","","Safe Transfer From"
"0xfd2b98c376873d2010fb05f656e1f67d12b12e5b64673672a62ac44fb29a8f4e","55557445","1712512124","2024-04-07 17:48:44","0x30ff20cb4a783b5bb97d0af2e86d08c6b996d7d2","0x56850506399d2080cbef6fe7805a9681e904d558","","0","0","0","0.02807932","0.0246521472828028","0.91","","","Mint With Token URI"
"0x9a9b31759287c01841e719458ff517df554ed7d56d9d0f7208dd054ad0b56e98","55558353","1712514118","2024-04-07 18:21:58","0x30ff20cb4a783b5bb97d0af2e86d08c6b996d7d2","0x56850506399d2080cbef6fe7805a9681e904d558","","0","0","0","0.02685848","0.0235803147922462","0.91","","","Mint With Token URI"
"0x383c99cc43278e8c9557afab64389010f6fa1a6cec9942999e5c9b5d13d8016c","55558980","1712515486","2024-04-07 18:44:46","0x30ff20cb4a783b5bb97d0af2e86d08c6b996d7d2","0x56850506399d2080cbef6fe7805a9681e904d558","","0","0","0","0.012992622","0.0114068300490818","0.91","","","Safe Transfer"
"0xe667c2a1e7d2f1e48c955ca1625b355ecb4256389b551efbf2139eb9fce9c70d","55559628","1712516862","2024-04-07 19:07:42","0x30ff20cb4a783b5bb97d0af2e86d08c6b996d7d2","0x56850506399d2080cbef6fe7805a9681e904d558","","0","0","0","0.02563764","0.0225084823016895","0.91","","","Mint With Token URI"
"0xc4a1d7a06441a99a50a8ae90765bcfbf123044f39d4426156cd43c21cff1d156","55562388","1712522882","2024-04-07 20:48:02","0x30ff20cb4a783b5bb97d0af2e86d08c6b996d7d2","0x56850506399d2080cbef6fe7805a9681e904d558","","0","0","0","0.015382584","0.0135050893810137","0.91","","","Mint With Token URI"
"0xf3fc82542151c3c1ce814797f7760c568e709bfb9d561aa3b0e8a01b4dc86968","55562753","1712523674","2024-04-07 21:01:14","0x30ff20cb4a783b5bb97d0af2e86d08c6b996d7d2","0x56850506399d2080cbef6fe7805a9681e904d558","","0","0","0","0.015363684","0.0134884961877439","0.91","","","Mint With Token URI"
"0x55fe40ddc122ec136ca34aad0fede90c038d7efdec7211c28053bd91b2e53dda","55564032","1712526505","2024-04-07 21:48:25","0x30ff20cb4a783b5bb97d0af2e86d08c6b996d7d2","0x56850506399d2080cbef6fe7805a9681e904d558","","0","0","0","0.015382584","0.0135050893810137","0.91","","","Mint With Token URI"
"0xf68b050f9fc4c34b2023bf1814277abdcd4b3e7125efc764a512f61e28f93961","55565108","1712528826","2024-04-07 22:27:06","0x30ff20cb4a783b5bb97d0af2e86d08c6b996d7d2","0x56850506399d2080cbef6fe7805a9681e904d558","","0","0","0","0.014405912","0.0126476233885684","0.91","","","Mint With Token URI"
"0xbc1835e08e53f0d99298705c53033c4bd6e3daf5027d496b69a99bfa9d2c8ebc","55569562","1712538556","2024-04-08 01:09:16","0x30ff20cb4a783b5bb97d0af2e86d08c6b996d7d2","0x56850506399d2080cbef6fe7805a9681e904d558","","0","0","0","0.019045104","0.0167205868526837","0.95","","","Mint With Token URI"
"0xfee80ca4b4195e509c5d03e3ae3c31f06e0486416ce6677a49180edfb0ae2c03","55569867","1712539204","2024-04-08 01:20:04","0xe844d1add2ff69efdc38b364a23965f457d89f18","0x56850506399d2080cbef6fe7805a9681e904d558","","0","0","0","0.0030821940210081","0.00270600217384417","0.95","","","Set Approval For All"
"0xf873f0f36200a62404f76cb77c34e5d8a342fbebbe77650a4c5a43547294f833","55569867","1712539204","2024-04-08 01:20:04","0xe844d1add2ff69efdc38b364a23965f457d89f18","0x56850506399d2080cbef6fe7805a9681e904d558","","0","0","0","0.0017505759272181","0.00153691241766217","0.95","","","Set Approval For All"
"0xb80988d518a0a0a6133edd62392f5f65bb657511cab175b5e4467f940545a18a","55578658","1712558770","2024-04-08 06:46:10","0x30ff20cb4a783b5bb97d0af2e86d08c6b996d7d2","0x56850506399d2080cbef6fe7805a9681e904d558","","0","0","0","0.019045104","0.0167205868526837","0.95","","","Mint With Token URI"
"0xcc7db6146a5984edbb7d1a3ec5a0c94320376aca8990f5cf4880d47f0edcc291","55579028","1712559598","2024-04-08 06:59:58","0x30ff20cb4a783b5bb97d0af2e86d08c6b996d7d2","0x56850506399d2080cbef6fe7805a9681e904d558","","0","0","0","0.018068432","0.0158631208602383","0.95","","","Mint With Token URI"
"0x577fcd519f9890d022e2ab04a78f4cfe099d0a0c0d5120746bdaef6a07eee1ba","55579587","1712560806","2024-04-08 07:20:06","0x30ff20cb4a783b5bb97d0af2e86d08c6b996d7d2","0x56850506399d2080cbef6fe7805a9681e904d558","","0","0","0","0.01709176","0.015005654867793","0.95","","","Mint With Token URI"
"0xad8ff086e57a5e3510f57994761d91a6750120f8438cc71cabe19587681d6eeb","55579763","1712561212","2024-04-08 07:26:52","0x30ff20cb4a783b5bb97d0af2e86d08c6b996d7d2","0x56850506399d2080cbef6fe7805a9681e904d558","","0","0","0","0.024628244","0.0216222863803256","0.95","","","Mint With Token URI"
"0xb0d7af03c9ac54966feea7581278ef3b982e2c93b7fdc094bf516b5a6379982b","55580457","1712562698","2024-04-08 07:51:38","0x30ff20cb4a783b5bb97d0af2e86d08c6b996d7d2","0x56850506399d2080cbef6fe7805a9681e904d558","","0","0","0","0.017323496","0.0152091067321091","0.95","","","Safe Transfer"
"0x361a016b5f42b0aa8e10d92de4539cfa7fd96863ffc994b7c5b180d15b4b0193","55581130","1712564160","2024-04-08 08:16:00","0x4f4d0012e30429805a9a96e18a4bcc448486a9ed","0x56850506399d2080cbef6fe7805a9681e904d558","","0","0","0","0.0147512229448417","0.0129507880047557","0.95","","","Transfer From"
"0x27df9e14f545d633ca8327b07edf0c54937856f6adb665724eb65fda3bf1a3c2","55583309","1712568918","2024-04-08 09:35:18","0x30ff20cb4a783b5bb97d0af2e86d08c6b996d7d2","0x56850506399d2080cbef6fe7805a9681e904d558","","0","0","0","0.039799384","0.0349417391921466","0.95","","","Mint With Token URI"
"0x96a7351094a04a57bba757eef319e33961d70f06231327e5e80807b0c0dad204","55583566","1712569464","2024-04-08 09:44:24","0x30ff20cb4a783b5bb97d0af2e86d08c6b996d7d2","0x56850506399d2080cbef6fe7805a9681e904d558","","0","0","0","0.033695184","0.0295825767393634","0.95","","","Mint With Token URI"
"0xc41ad7464c384850613369e3e199e16b9a84c3c11794c00379c9271d305e0605","55584357","1712571204","2024-04-08 10:13:24","0x30ff20cb4a783b5bb97d0af2e86d08c6b996d7d2","0x56850506399d2080cbef6fe7805a9681e904d558","","0","0","0","0.011664696","0.0102409817545838","0.95","","","Safe Transfer"
"0xf0db0f191009b6772f21738e9ffea5608020851021df5363a022dad7fddd7cd0","55584830","1712572260","2024-04-08 10:31:00","0x30ff20cb4a783b5bb97d0af2e86d08c6b996d7d2","0x56850506399d2080cbef6fe7805a9681e904d558","","0","0","0","0.030727368","0.0269769923754878","0.95","","","Mint With Token URI"
"0x0856579a91c9066fd37cdcf1a8943be1df2403d9d32659e8611ea92c0ca72644","55592569","1712589186","2024-04-08 15:13:06","0x30ff20cb4a783b5bb97d0af2e86d08c6b996d7d2","0x56850506399d2080cbef6fe7805a9681e904d558","","0","0","0","0.055426136","0.0486611950712717","0.95","","","Mint With Token URI"
"0x1797e47e8dd3b5473914f5b050e567846a5c8fa64fa1337c056c074f7aab4f41","55592735","1712589538","2024-04-08 15:18:58","0x30ff20cb4a783b5bb97d0af2e86d08c6b996d7d2","0x56850506399d2080cbef6fe7805a9681e904d558","","0","0","0","0.053404464","0.0468862747419504","0.95","","","Mint With Token URI"
"0xc4ec06668f1462af3bad6a0aae289dd1565e567ddbc8d1af702744d29b3ab58f","55593350","1712590846","2024-04-08 15:40:46","0x30ff20cb4a783b5bb97d0af2e86d08c6b996d7d2","0x56850506399d2080cbef6fe7805a9681e904d558","","0","0","0","0.055914472","0.0490899280674943","0.95","","","Mint With Token URI"
"0x3a543f71d8c8f732f7fde26df2895b4cc6c493c70ee694716c4065c8dec6dd71","55598650","1712602270","2024-04-08 18:51:10","0x30ff20cb4a783b5bb97d0af2e86d08c6b996d7d2","0x56850506399d2080cbef6fe7805a9681e904d558","","0","0","0","0.0244168","0.0214366498111329","0.95","","","Mint With Token URI"
"0xcc946a3fd8b75299095c6b08a9a42bd7aef01dc704b032aecb2ec521bcc1b542","55598709","1712602428","2024-04-08 18:53:48","0x30ff20cb4a783b5bb97d0af2e86d08c6b996d7d2","0x56850506399d2080cbef6fe7805a9681e904d558","","0","0","0","0.03174184","0.0278676447544728","0.95","","","Mint With Token URI"
"0xbd83007085802e308d0b029f5f6a2489fe67ecec67763f836ee5148ee2285950","55599097","1712603287","2024-04-08 19:08:07","0x30ff20cb4a783b5bb97d0af2e86d08c6b996d7d2","0x56850506399d2080cbef6fe7805a9681e904d558","","0","0","0","0.027590984","0.0242234142865802","0.95","","","Mint With Token URI"
"0x6d68cfe134f9c1aea604be71f6137baba6625cfbed89c1d77e25b1a8138dcbee","55599147","1712603393","2024-04-08 19:09:53","0x30ff20cb4a783b5bb97d0af2e86d08c6b996d7d2","0x56850506399d2080cbef6fe7805a9681e904d558","","0","0","0","0.025393472","0.0222941158035782","0.95","","","Mint With Token URI"
"0xe6ddaf755fc7f530efb65db830f1977e333bc88486ce03e53d977e6ee7e4e44e","55599955","1712605217","2024-04-08 19:40:17","0x30ff20cb4a783b5bb97d0af2e86d08c6b996d7d2","0x56850506399d2080cbef6fe7805a9681e904d558","","0","0","0","0.021242616","0.0186498853356856","0.95","","","Mint With Token URI"
"0xca8317b55ed6c035ad1e015c385097f62fef2fb6ccc1d4bdbe18597b9d14f2d1","55602787","1712611708","2024-04-08 21:28:28","0x30ff20cb4a783b5bb97d0af2e86d08c6b996d7d2","0x56850506399d2080cbef6fe7805a9681e904d558","","0","0","0","0.02075428","0.018221152339463","0.95","","","Mint With Token URI"
"0x4d16a802892e3e82807cd3494caf30ae4696ed943d6cb7016afa828629802f37","55603954","1712614334","2024-04-08 22:12:14","0x30ff20cb4a783b5bb97d0af2e86d08c6b996d7d2","0x56850506399d2080cbef6fe7805a9681e904d558","","0","0","0","0.02590014","0.0227389433193259","0.95","","","Mint With Token URI"
"0xbd0606b3986f14a6ddf501f039c4b73428498a711dfb43556ea1ba5ee1f6885c","55603977","1712614382","2024-04-08 22:13:02","0x30ff20cb4a783b5bb97d0af2e86d08c6b996d7d2","0x56850506399d2080cbef6fe7805a9681e904d558","","0","0","0","0.02316746","0.0203397958386615","0.95","","","Mint With Token URI"
"0xe0f2fbc3138a99ca32e92fd6c6328f20e8bcca1bd601d8abd32a35303a4f9cd5","55604105","1712614686","2024-04-08 22:18:06","0x30ff20cb4a783b5bb97d0af2e86d08c6b996d7d2","0x56850506399d2080cbef6fe7805a9681e904d558","","0","0","0","0.020998448","0.0184355188375743","0.95","","","Mint With Token URI"
"0xf778b77e18cacd0f1d1f63e92a5aea97f63f482686bf56fd63d541e9d392f8f7","55604879","1712616478","2024-04-08 22:47:58","0x30ff20cb4a783b5bb97d0af2e86d08c6b996d7d2","0x56850506399d2080cbef6fe7805a9681e904d558","","0","0","0","0.020510112","0.0180067858413516","0.95","","","Mint With Token URI"
"0xc431ae86e0e40500611349952382e9ad038cf0480ace2f7e087549547a4e3cde","55607817","1712623043","2024-04-09 00:37:23","0x30ff20cb4a783b5bb97d0af2e86d08c6b996d7d2","0x56850506399d2080cbef6fe7805a9681e904d558","","0","0","0","0.020998448","0.0184355188375743","0.90","","","Mint With Token URI"
"0xa5c2dc742d6f1c1e00da6a744f089bbe6925815672296e16b86f32b6dcd49b0f","55610790","1712629716","2024-04-09 02:28:36","0x30ff20cb4a783b5bb97d0af2e86d08c6b996d7d2","0x56850506399d2080cbef6fe7805a9681e904d558","","0","0","0","0.031497672","0.0276532782563614","0.90","","","Mint With Token URI"
"0x7cc5f823b135293992d929061e4d98c6af82e0c35c4f2dda2244e75c47f5aee2","55613383","1712635875","2024-04-09 04:11:15","0x30ff20cb4a783b5bb97d0af2e86d08c6b996d7d2","0x56850506399d2080cbef6fe7805a9681e904d558","","0","0","0","0.023186792","0.0203567683049203","0.90","","","Mint With Token URI"
"0xcf2785c5653341ab5d9982de3bef995569f596e97324b976adfcd282ee99c7da","55614776","1712639170","2024-04-09 05:06:10","0x30ff20cb4a783b5bb97d0af2e86d08c6b996d7d2","0x56850506399d2080cbef6fe7805a9681e904d558","","0","0","0","0.022951792","0.0201504508224649","0.90","","","Mint With Token URI"
"0x83172b3af5ad09e337b079a4b3192ff7e81e988feb88442750843d15e542308a","55615679","1712641337","2024-04-09 05:42:17","0x30ff20cb4a783b5bb97d0af2e86d08c6b996d7d2","0x56850506399d2080cbef6fe7805a9681e904d558","","0","0","0","0.038287276","0.0336141889123142","0.90","","","Mint With Token URI"
"0x862dce8d37342df557dff5d2f2e87b32b49f7fcc7a070e15d74645d88e50a9d3","55620263","1712651615","2024-04-09 08:33:35","0x30ff20cb4a783b5bb97d0af2e86d08c6b996d7d2","0x56850506399d2080cbef6fe7805a9681e904d558","","0","0","0","0.03784604","0.033226807207256","0.90","","","Mint With Token URI"
"0x8e334a6b77f1273f03d66811939060ab604b7050539df240efec1cb50fbf2383","55622342","1712656194","2024-04-09 09:49:54","0x30ff20cb4a783b5bb97d0af2e86d08c6b996d7d2","0x56850506399d2080cbef6fe7805a9681e904d558","","0","0","0","0.04686692","0.0411466593397325","0.90","","","Mint With Token URI"
"0x4b0000a0c7d39472745e77b522535cb0bbf722ffeb8b6c41f168984a11ef5794","55628391","1712669767","2024-04-09 13:36:07","0x30ff20cb4a783b5bb97d0af2e86d08c6b996d7d2","0x56850506399d2080cbef6fe7805a9681e904d558","","0","0","0","0.063893416","0.0560950158918874","0.90","","","Mint With Token URI"
"0xfc763ae2b933353e25374c6f80317408d87f9d97406639577468b38a9c8e4a0a","55628500","1712670009","2024-04-09 13:40:09","0x30ff20cb4a783b5bb97d0af2e86d08c6b996d7d2","0x56850506399d2080cbef6fe7805a9681e904d558","","0","0","0","0.063393676","0.0556562707911119","0.90","","","Mint With Token URI"
"0x7a90bb3b2cf9b31d6ce682e912c3a903598ae2be9d035b54db47447c8bfefc08","55628539","1712670113","2024-04-09 13:41:53","0x30ff20cb4a783b5bb97d0af2e86d08c6b996d7d2","0x56850506399d2080cbef6fe7805a9681e904d558","","0","0","0","0.066847028","0.0586881299003553","0.90","","","Mint With Token URI"
"0x515ca8534b88c2452803278c6b1a20998c279c2c678c211d77115314da9ce540","55628842","1712670789","2024-04-09 13:53:09","0xd7f0e5beb7e51b63c4171d7e2f091000b6f38bf6","0x56850506399d2080cbef6fe7805a9681e904d558","","0","0","0","0.010071785600545773","0.00884249127206311","0.90","","","Set Approval For All"
"0x4d253f0b77d7d525ddc278bb09847eaa52e3ec1a2b946c8583c4fbe2971c1e67","55629126","1712671425","2024-04-09 14:03:45","0x30ff20cb4a783b5bb97d0af2e86d08c6b996d7d2","0x56850506399d2080cbef6fe7805a9681e904d558","","0","0","0","0.082772952","0.0726702428597405","0.90","","","Mint With Token URI"
"0xc0d5b7118ce2bcf1bb24911a55312f0a06c34ecfb562a7bbe5d9f2571f2e92a1","55629143","1712671461","2024-04-09 14:04:21","0x30ff20cb4a783b5bb97d0af2e86d08c6b996d7d2","0x56850506399d2080cbef6fe7805a9681e904d558","","0","0","0","0.071287052","0.0625862344693826","0.90","","","Mint With Token URI"
"0x3ed0dbb582d25a6d644c774707d1c8576baac147d9dd4e0504a71f6857f9d123","55629566","1712672391","2024-04-09 14:19:51","0x30ff20cb4a783b5bb97d0af2e86d08c6b996d7d2","0x56850506399d2080cbef6fe7805a9681e904d558","","0","0","0","0.061774504","0.0542347240221662","0.90","","","Mint With Token URI"
"0x9e236c5e8c432f0fef2ef577221b7e96ea56152e9d9e840176219322a2f66dcb","55629708","1712672719","2024-04-09 14:25:19","0x30ff20cb4a783b5bb97d0af2e86d08c6b996d7d2","0x56850506399d2080cbef6fe7805a9681e904d558","","0","0","0","0.022963704","0.0201609089239586","0.90","","","Safe Transfer"
"0x3576cbf7220ac273cbff1338fe06afd13ab302b569223d3ba1f9b067de713e4f","55629762","1712672841","2024-04-09 14:27:21","0x30ff20cb4a783b5bb97d0af2e86d08c6b996d7d2","0x56850506399d2080cbef6fe7805a9681e904d558","","0","0","0","0.07646708","0.0671340231332478","0.90","","","Mint With Token URI"
"0x95fc247dc4aa6ef1a0ee777da43c18ec9eff6c8a44aff19a0a93f92560ac89e4","55629821","1712672965","2024-04-09 14:29:25","0x30ff20cb4a783b5bb97d0af2e86d08c6b996d7d2","0x56850506399d2080cbef6fe7805a9681e904d558","","0","0","0","0.073738736","0.0647386824296213","0.90","","","Mint With Token URI"
"0xc174a8082e505e619c8d6fae0d1b40513901c13bd793adf6337e7098de41327c","55632326","1712678579","2024-04-09 16:02:59","0x30ff20cb4a783b5bb97d0af2e86d08c6b996d7d2","0x56850506399d2080cbef6fe7805a9681e904d558","","0","0","0","0.023968028","0.0210426518994884","0.90","","","Safe Transfer"
"0x6a94755cafb1703790d7b9e204f747eef7a8a688926d13657b4f2f575bb104b5","55632587","1712679197","2024-04-09 16:13:17","0x30ff20cb4a783b5bb97d0af2e86d08c6b996d7d2","0x56850506399d2080cbef6fe7805a9681e904d558","","0","0","0","0.093760512","0.0823167352747503","0.90","","","Mint With Token URI"
"0x55ad2d5b9a4d70db2d31f39f1753ebe4e0d703eaabfbc929627a14d4a905e964","55638262","1712692341","2024-04-09 19:52:21","0x30ff20cb4a783b5bb97d0af2e86d08c6b996d7d2","0x56850506399d2080cbef6fe7805a9681e904d558","","0","0","0","0.016115088","0.0141481888753477","0.90","","","Mint With Token URI"
"0xd98b1bb8fb6109f3182f491b9bfc5a827f43739a3d4e6ed4b5fcbb43a972c508","55638865","1712693815","2024-04-09 20:16:55","0x30ff20cb4a783b5bb97d0af2e86d08c6b996d7d2","0x56850506399d2080cbef6fe7805a9681e904d558","","0","0","0","0.006148832","0.00539834697140853","0.90","","","Safe Transfer"
"0x88c4daca80640b258746afd75f9bc2e1745c1bb73b11e5b435b9198a422d5986","55641977","1712701312","2024-04-09 22:21:52","0x592b3b547c353bb0a5098d2bdaddf14bca272560","0x56850506399d2080cbef6fe7805a9681e904d558","","0","0","0","0.00468339153498147","0.00411176830149004","0.90","","","Transfer From"
"0x0e8861643e249a2bb09673ab59b611412e0c18b541f603f154cfe069436d2cbb","55641987","1712701334","2024-04-09 22:22:14","0x592b3b547c353bb0a5098d2bdaddf14bca272560","0x56850506399d2080cbef6fe7805a9681e904d558","","0","0","0","0.004268626035745168","0.00374762628612077","0.90","","","Transfer From"
"0x35a6836d3139676babf15c654d99844bab39e6c147493166fa5b336f4ffa4d7a","55642107","1712701597","2024-04-09 22:26:37","0x592b3b547c353bb0a5098d2bdaddf14bca272560","0x56850506399d2080cbef6fe7805a9681e904d558","","0","0","0","0.001484908874871571","0.00130367089676228","0.90","Error(0)","execution reverted","Transfer From"
"0xb930c7e4e7ffe2a18bb18b7cccfd1cc14375cf51e8487174a8225c0be95d1024","55642433","1712702363","2024-04-09 22:39:23","0x592b3b547c353bb0a5098d2bdaddf14bca272560","0x56850506399d2080cbef6fe7805a9681e904d558","","0","0","0","0.001697396952588088","0.00149022411057612","0.90","Error(0)","execution reverted","Transfer From"
"0x06053f2a04d348d40ff7ad15c07fe2a206dd5b25b9788f4e2dba542c3e299cdb","55642445","1712702387","2024-04-09 22:39:47","0x592b3b547c353bb0a5098d2bdaddf14bca272560","0x56850506399d2080cbef6fe7805a9681e904d558","","0","0","0","0.001571165635401714","0.00137939973794243","0.90","Error(0)","execution reverted","Transfer From"
"0xbdd434764945e678ec550e7924b7c7783f3e34be2bff8185c5130274711096b9","55642488","1712702479","2024-04-09 22:41:19","0x30ff20cb4a783b5bb97d0af2e86d08c6b996d7d2","0x56850506399d2080cbef6fe7805a9681e904d558","","0","0","0","0.012940904","0.0113614243999004","0.90","","","Mint With Token URI"
"0x517e15dacbbdef83eaf3b95e0ae73b2833e75e92dc6edb15c6d058cdb2b392c7","55644056","1712706051","2024-04-09 23:40:51","0x47ad9e8cbbad7c7667659f5971aa9f65b2f214e9","0x56850506399d2080cbef6fe7805a9681e904d558","","0","0","0","0.002953398529680771","0.00259292659289839","0.90","","","Set Approval For All"
"0x8440e5b0a536914ede6d9f8184bb10b37d2c4aac70fa1152de6d577b7a561150","55644196","1712706357","2024-04-09 23:45:57","0x30ff20cb4a783b5bb97d0af2e86d08c6b996d7d2","0x56850506399d2080cbef6fe7805a9681e904d558","","0","0","0","0.015626752","0.0137194558791251","0.90","","","Mint With Token URI"
"0xade4277ed3b6055cbaf15ba0e06b421c0e9a20b86f58906ecf98debb1f55ff77","55644246","1712706464","2024-04-09 23:47:44","0x30ff20cb4a783b5bb97d0af2e86d08c6b996d7d2","0x56850506399d2080cbef6fe7805a9681e904d558","","0","0","0","0.01709176","0.015005654867793","0.90","","","Mint With Token URI"
"0xd914de129c125f515908c7cb09ce8f486d8aab8d4a1a93885dd5c186bfc6a152","55644284","1712706545","2024-04-09 23:49:05","0x30ff20cb4a783b5bb97d0af2e86d08c6b996d7d2","0x56850506399d2080cbef6fe7805a9681e904d558","","0","0","0","0.01587092","0.0139338223772364","0.90","","","Mint With Token URI"
"0x68ea3233f5386daa27d34f0e753b3e5e5bc11730e4e0f6818359b50d276a005d","55644317","1712706615","2024-04-09 23:50:15","0x30ff20cb4a783b5bb97d0af2e86d08c6b996d7d2","0x56850506399d2080cbef6fe7805a9681e904d558","","0","0","0","0.016359256","0.014362555373459","0.90","","","Mint With Token URI"
"0xd48180a1b02a7f78b28b2337e9addb329fb99795c6fbca0b741b98753e65475a","55648705","1712716451","2024-04-10 02:34:11","0x30ff20cb4a783b5bb97d0af2e86d08c6b996d7d2","0x56850506399d2080cbef6fe7805a9681e904d558","","0","0","0","0.031497672","0.0276532782563614","0.89","","","Mint With Token URI"
"0x0287e93c2e51e0b502530b30f23abb46ddfd193246b1eda21be8bcaf85f86296","55649823","1712719146","2024-04-10 03:19:06","0x30ff20cb4a783b5bb97d0af2e86d08c6b996d7d2","0x56850506399d2080cbef6fe7805a9681e904d558","","0","0","0","0.038334376","0.0336555402034786","0.89","","","Mint With Token URI"
"0x0a11ab7cd45654a2480e5676c8b80dcd4053e066ace847c7ab7ca404be796672","55666846","1712759416","2024-04-10 14:30:16","0x30ff20cb4a783b5bb97d0af2e86d08c6b996d7d2","0x56850506399d2080cbef6fe7805a9681e904d558","","0","0","0","0.068855376","0.0604513524673948","0.89","","","Mint With Token URI"
"0xb0e8e21cf9025d563a2f31f7ed5291d3099154005fa91dc97e21b237ca67e92d","55670357","1712767262","2024-04-10 16:41:02","0x30ff20cb4a783b5bb97d0af2e86d08c6b996d7d2","0x56850506399d2080cbef6fe7805a9681e904d558","","0","0","0","0.03418352","0.0300113097355861","0.89","","","Mint With Token URI"
"0xba00fa2e7b93df121e1df9f06edc8ba2d9b44119c46e79bebc480cd4237a40b3","55673992","1712775280","2024-04-10 18:54:40","0x30ff20cb4a783b5bb97d0af2e86d08c6b996d7d2","0x56850506399d2080cbef6fe7805a9681e904d558","","0","0","0","0.023928464","0.0210079168149102","0.89","","","Mint With Token URI"
"0x276bb628bf6c073d68e7ea0bf9e047cef16ee0cb4fe765ebd1ffddbbcd4a5f7e","55678459","1712785241","2024-04-10 21:40:41","0x30ff20cb4a783b5bb97d0af2e86d08c6b996d7d2","0x56850506399d2080cbef6fe7805a9681e904d558","","0","0","0","0.013673408","0.0120045238942344","0.89","","","Mint With Token URI"
"0x3d48050dbdb2f477fe8ce0642a5b9f3b3fe89e8a1cbf51c985bd5bdde652a8a0","55678559","1712785485","2024-04-10 21:44:45","0x30ff20cb4a783b5bb97d0af2e86d08c6b996d7d2","0x56850506399d2080cbef6fe7805a9681e904d558","","0","0","0","0.004764832","0.00418326869175649","0.89","","","Safe Transfer"
"0x4940e0541d45a8054c6499f864329809432611bead76151630eca81e425608a4","55679348","1712787205","2024-04-10 22:13:25","0x30ff20cb4a783b5bb97d0af2e86d08c6b996d7d2","0x56850506399d2080cbef6fe7805a9681e904d558","","0","0","0","0.015626752","0.0137194558791251","0.89","","","Mint With Token URI"
"0x2499c3dc7823e9db54f3748729c265a73e96001ffe4535c481860abc6a393377","55679856","1712788341","2024-04-10 22:32:21","0x30ff20cb4a783b5bb97d0af2e86d08c6b996d7d2","0x56850506399d2080cbef6fe7805a9681e904d558","","0","0","0","0.006691376","0.00587467170417988","0.89","","","Safe Transfer"
"0xe457190fff8e2f0b75db6cf583a95d9ea95382c1cb99bf9bf06eca92fdfc65b5","55687436","1712805681","2024-04-11 03:21:21","0x30ff20cb4a783b5bb97d0af2e86d08c6b996d7d2","0x56850506399d2080cbef6fe7805a9681e904d558","","0","0","0","0.038529248","0.033826627439398","","","","Mint With Token URI"
"0x2a4a8b80e5b4f1ce2bf43b5a3615e2a6880258b775d7cc946bf72a9958110330","55688133","1712807333","2024-04-11 03:48:53","0x30ff20cb4a783b5bb97d0af2e86d08c6b996d7d2","0x56850506399d2080cbef6fe7805a9681e904d558","","0","0","0","0.038578544","0.03386990670159","","","","Mint With Token URI"
"0x52ac06f562e211e6fa1637fec192853ba0bd9aaeafb1e0784ebfeee3e6e0511c","55688293","1712807707","2024-04-11 03:55:07","0x30ff20cb4a783b5bb97d0af2e86d08c6b996d7d2","0x56850506399d2080cbef6fe7805a9681e904d558","","0","0","0","0.043408504","0.0381103543082288","","","","Mint With Token URI"
"0xc4b8f9eb320a8446462c8c917f441f8de8c304c19bb92e5cb86983e190017096","55688583","1712808417","2024-04-11 04:06:57","0x30ff20cb4a783b5bb97d0af2e86d08c6b996d7d2","0x56850506399d2080cbef6fe7805a9681e904d558","","0","0","0","0.022515576","0.0197674764100107","","","","Safe Transfer"
"0x0f07bb5adae963538e14492f39b6782d4a304a22cd3f950286b77ca871d0781c","55689547","1712810789","2024-04-11 04:46:29","0x30ff20cb4a783b5bb97d0af2e86d08c6b996d7d2","0x56850506399d2080cbef6fe7805a9681e904d558","","0","0","0","0.03906688","0.0342986396978126","","","","Mint With Token URI"
"0x4c56e43075702c320141f9335cf31bb69530aacf224490a63daab3079c90cfde","55690000","1712811865","2024-04-11 05:04:25","0x30ff20cb4a783b5bb97d0af2e86d08c6b996d7d2","0x56850506399d2080cbef6fe7805a9681e904d558","","0","0","0","0.014648688","0.0128607677848262","","","","Safe Transfer"
"0x25b15664daff64f1c0bba16e681b8a964d41a47f3ea687814049a76bc3968d23","55701936","1712839040","2024-04-11 12:37:20","0x30ff20cb4a783b5bb97d0af2e86d08c6b996d7d2","0x56850506399d2080cbef6fe7805a9681e904d558","","0","0","0","0.085840464","0.0753633550011943","","","","Mint With Token URI"
"0x9b25c1dbca4e1ed5da3d53519b7aee7424e87c81b3a7d07b64b6cd5dcda3267b","55706199","1712848474","2024-04-11 15:14:34","0x30ff20cb4a783b5bb97d0af2e86d08c6b996d7d2","0x56850506399d2080cbef6fe7805a9681e904d558","","0","0","0","0.095958024","0.0842460337577523","","","","Mint With Token URI"
"0x61b0824f4b22b74eda137c1f4cc9bb207cef094309199bfa8223ed41212508e7","55708189","1712852938","2024-04-11 16:28:58","0x30ff20cb4a783b5bb97d0af2e86d08c6b996d7d2","0x56850506399d2080cbef6fe7805a9681e904d558","","0","0","0","0.060967","0.0535257785227933","","","","Mint With Token URI"
"0xa52d5ad3f2273a3de38100f175d62f3fd7d46435dee8376652c304ac82129b71","55708230","1712853026","2024-04-11 16:30:26","0x30ff20cb4a783b5bb97d0af2e86d08c6b996d7d2","0x56850506399d2080cbef6fe7805a9681e904d558","","0","0","0","0.055845772","0.0490296131268787","","","","Mint With Token URI"
"0x7ca60f1282e9289f25efafb786baff091b74bb73f1695a4d565f7f523fe44cff","55709685","1712856348","2024-04-11 17:25:48","0x30ff20cb4a783b5bb97d0af2e86d08c6b996d7d2","0x56850506399d2080cbef6fe7805a9681e904d558","","0","0","0","0.040206884","0.0352995024861916","","","","Mint With Token URI"
"0x352900ce5af8c44d7575462cbcf4a3a99cec8790bc64d395735fc5feb5a713b2","55710165","1712857468","2024-04-11 17:44:28","0x32857e87d437de73c27965252ccad8538030c3ca","0x56850506399d2080cbef6fe7805a9681e904d558","","0","0","0","0.007412530940705212","0.0065078073289737","","","","Set Approval For All"
"0x91cf8d93c74777556919b29b929407d00e9391908e5a127d3e22a7f485f0f895","55710546","1712858310","2024-04-11 17:58:30","0x30ff20cb4a783b5bb97d0af2e86d08c6b996d7d2","0x56850506399d2080cbef6fe7805a9681e904d558","","0","0","0","0.048529732","0.0426065197041435","","","","Mint With Token URI"
"0xb6dfdbe96389ba5ec2ce485c62f2f73134ff2da331d138de5e888a4ead57fe62","55710575","1712858402","2024-04-11 18:00:02","0x30ff20cb4a783b5bb97d0af2e86d08c6b996d7d2","0x56850506399d2080cbef6fe7805a9681e904d558","","0","0","0","0.063887012","0.0560893935210038","","","","Mint With Token URI"
"0xe259d2d4dbe25e4a9d4c2292c73835db9d46cae6b09e1b3fd359e841a4b3f9d0","55713744","1712866022","2024-04-11 20:07:02","0x30ff20cb4a783b5bb97d0af2e86d08c6b996d7d2","0x56850506399d2080cbef6fe7805a9681e904d558","","0","0","0","0.015607552","0.0137025993018351","","","","Mint With Token URI"
"0x547090180dce6e8b48fddc95998dc4354972874428083b1beffc101e64042caf","55715448","1712870160","2024-04-11 21:16:00","0x30ff20cb4a783b5bb97d0af2e86d08c6b996d7d2","0x56850506399d2080cbef6fe7805a9681e904d558","","0","0","0","0.016115088","0.0141481888753477","","","","Mint With Token URI"
"0xb9818bc2bc99203971a489e943c0e2faff7f4b8071048af2cda11536f320d837","55715485","1712870238","2024-04-11 21:17:18","0x30ff20cb4a783b5bb97d0af2e86d08c6b996d7d2","0x56850506399d2080cbef6fe7805a9681e904d558","","0","0","0","0.018800936","0.0165062203545723","","","","Mint With Token URI"
